{
  "kind": "no_augmentation",
  "variant": "raw",
  "eps": 10.000702523494663,
  "min_samples": 5,
  "n_clusters": 4,
  "noise_ratio": 0.017361111111111112,
  "silhouette_excl_noise_recomputed": 0.17546165419645599,
  "purity_excl_noise": 0.2968197879858657
}