{
  "kind": "no_augmentation",
  "variant": "optimized",
  "eps": 6.9178948232929445,
  "min_samples": 5,
  "n_clusters": 4,
  "noise_ratio": 0.140625,
  "silhouette_excl_noise_recomputed": 0.21378467333954385,
  "purity_excl_noise": 0.4262626262626263
}