{
  "eps": 5.655716402109595,
  "min_samples": 15.0,
  "n_clusters": 4.0,
  "noise_ratio": 0.2337962962962963,
  "silhouette_excl_noise": 0.1570768541060434,
  "purity_excl_noise": 0.4052114803625378,
  "min_cluster_size": 30.0,
  "max_cluster_size": 2340.0,
  "k_distance": 0.0
}