cluster,german,italian,korean,spanish
-1,0.27033792240300375,0.27033792240300375,0.23498122653316647,0.22434292866082603
0,0.0,0.0,1.0,0.0
1,0.0,0.0,0.0,1.0
