cluster,size,top_label,top_count,purity_cluster
0,255,korean,118,0.4627450980392157
1,145,italian,47,0.32413793103448274
