cluster,size,top_label,top_count,purity_cluster
0,1641,korean,673,0.4101157830591103
1,394,spanish,355,0.9010152284263959
2,858,italian,426,0.4965034965034965
3,563,korean,145,0.25754884547069273
